,Date,Portfolio_Value,QQQ_Price,GC=F_Price,QQQ_Weight,GC=F_Weight,QQQ_Allocation_USD,GC=F_Allocation_USD,QQQ_Only,GLD_Only,FiftyFifty
0,2000-08-31,100000.0,86.04522705078125,27.829998779296876,0.5000000000000001,0.5,50000.00000000001,50000.0,124383.32862038983,105058.51045875098,114720.9195395704
1,2000-09-30,92821.0243488196,75.14404296875,27.360000610351562,0.47042611204700485,0.5295738879529952,43665.43360063557,49155.590748184026,108625.03953799332,103284.26289448347,105954.65121623839
2,2000-10-31,87790.84023603969,69.17745971679688,26.48999938964844,0.4578873272651611,0.542112672734839,40198.31319404298,47592.52704199671,100000.0,100000.0,100000.0
3,2000-11-30,79515.3862485606,53.32844543457031,27.01000061035156,0.38971845340200423,0.6102815465979958,30988.61335045203,48526.77289810857,77089.33755718947,101963.00956090745,89526.17355904846
4,2000-12-31,77588.91198410712,49.425724029541016,27.2,0.37016606093127497,0.629833939068725,28720.781921100326,48868.13006300679,71447.72911853546,102680.25906648004,87063.99409250775
5,2001-01-31,79354.21040489622,54.4423942565918,26.560000610351562,0.39866715878493375,0.6013328412150662,31635.917599741802,47718.292805154415,78699.61470032517,100264.25527488113,89481.93498760315
6,2001-02-28,71279.5105169537,40.175594329833984,26.679998779296874,0.327522259071996,0.672477740928004,23345.62631005877,47933.88420689493,58076.13418345717,100717.24950557259,79396.69184451488
7,2001-03-31,65596.87826874496,33.148040771484375,25.789999389648436,0.29364182313652804,0.706358176863472,19261.986926899164,46334.891341845796,47917.40099620303,97357.49333284792,72637.44716452548
8,2001-04-30,70136.8660156974,39.07491683959961,26.4,0.3237389291195069,0.6762610708804931,22706.03389572021,47430.83211997718,56485.04151434154,99660.2514468777,78072.64648060962
9,2001-05-31,69671.77327865665,37.87260437011719,26.529998779296875,0.31587228802200656,0.6841277119779935,22007.382436079773,47664.39084257688,54747.02963243011,100150.99807689716,77449.01385466363
10,2001-06-30,71101.23576668308,38.693904876708984,27.060000610351562,0.3162340500088904,0.6837659499911097,22484.63174713516,48616.60401954792,55934.26679024725,102151.7600371326,79043.01341368993
11,2001-07-31,68372.2239362344,35.357933044433594,26.620001220703124,0.3005040863954241,0.699495913604576,20546.132688781465,47826.09124745294,51111.92748213677,100490.75815043425,75801.34281628551
12,2001-08-31,67321.45989421179,31.014385223388672,27.439999389648438,0.2677027737245628,0.732297226275437,18022.14154486741,49299.31834934437,44833.07908436845,103586.25904827779,74209.66906632311
13,2001-09-30,66791.54041506034,24.53717613220215,29.23999938964844,0.2134746646849956,0.7865253353150043,14258.301693899339,52533.238721161004,35469.90050321884,110381.2761923831,72925.58834780098
14,2001-10-31,66894.55468075458,28.70289421081543,27.95,0.24933207008785152,0.7506679299121485,16678.957796157516,50215.59688459706,41491.68577210147,105511.51620985725,73501.60099097935
15,2001-11-30,68717.47260135379,33.571380615234375,27.389999389648438,0.28388682870540327,0.7161131712945967,19507.985373448766,49209.487227905025,48529.36310854872,103397.50857205264,75963.43584030068
16,2001-12-31,69215.7846700437,32.94485092163086,27.870001220703124,0.2765830869052099,0.7234169130947901,19143.91538660699,50071.8692834367,47623.67837226549,105209.52005606293,76416.5992141642
17,2002-01-31,69629.82269859497,32.60615539550781,28.210000610351564,0.27211189331844027,0.7278881066815598,18947.102885941986,50682.71981265299,47134.074493329164,106493.02099031098,76813.54774182008
18,2002-02-28,69925.70835624251,28.601293563842773,29.670001220703124,0.23767966162484294,0.762320338375157,16619.918700989172,53305.789655253335,41344.81618858597,112004.53720016824,76674.6766943771
19,2002-03-31,72107.48611771362,30.531755447387695,30.26000061035156,0.24604505414436992,0.75395494585563,17741.69032604725,54365.795791666365,44135.40996211852,114231.790515542,79183.60023883026
20,2002-04-30,71108.98104539677,26.865583419799805,30.889999389648438,0.21954069777445903,0.7804593022255409,15611.315316737187,55497.66572865957,38835.747264764934,116610.04190781295,77722.89458628894
21,2002-05-31,73439.552626227,25.434677124023438,32.65,0.20125163890299572,0.7987483610970044,14779.830326330986,58659.72229989602,36767.289848672604,123254.06097502109,80010.67541184684
22,2002-06-30,69165.4421937687,22.09870147705078,31.35,0.18566105621533485,0.8143389437846651,12841.329051295785,56324.11314247291,31944.945026197645,118346.54859316726,75145.74680968246
23,2002-07-31,66207.90367560943,20.193626403808594,30.320001220703126,0.17723426947842447,0.8227657305215755,11734.309441644531,54473.5942339649,29191.04934826829,114458.29339109515,71824.67136968172
24,2002-08-31,67683.67795155603,19.88882827758789,31.23999938964844,0.17075304892699475,0.8292469510730053,11557.194372821003,56126.48357873503,28750.446112086298,117931.29524138897,73340.87067673763
25,2002-09-30,68386.93583926551,17.543479919433594,32.38999938964844,0.14906847839163123,0.8509315216083688,10194.336467425423,58192.59937184009,25360.110057892005,122272.55619456735,73816.33312622969
26,2002-10-31,69211.3095906352,20.786317825317383,31.8,0.17451940191061605,0.825480598089384,12078.716355208138,57132.59323542706,30047.818914446623,120045.3028791936,75046.56089682011
27,2002-11-30,70555.37092035045,23.470340728759766,31.679998779296874,0.19330030289142316,0.8066996971085769,13638.374569520452,56916.996350830006,33927.7285185726,119592.2971280873,76760.01282332995
28,2002-12-31,74440.75443366355,20.6339168548584,34.76000061035156,0.16106980381479638,0.8389301961852036,11990.157712455622,62450.59672120793,29827.514539173386,131219.33337580526,80523.42395748933
29,2003-01-31,78194.20236874254,20.69318962097168,36.82999877929687,0.15377867086557998,0.8462213291344199,12024.600509659413,66169.60185908312,29913.19673443747,139033.59617927746,84473.39645685747
30,2003-02-28,75296.5647050001,21.302810668945312,35.02000122070312,0.16440119285965538,0.8355988071403446,12378.845055736241,62917.719649263854,30794.43905017057,132200.83815625898,81497.63860321477
31,2003-03-31,72771.66290511175,21.378997802734375,33.58999938964844,0.1707136558762709,0.8292863441237291,12423.116618727236,60348.54628638452,30904.571937531517,126802.5676239709,78853.5697807512
32,2003-04-30,74429.00315378989,23.241737365722656,33.91000061035156,0.18145527851750132,0.8185447214824987,13505.535497050929,60923.46765673896,33597.269198480506,128010.57527997774,80803.92223922913
33,2003-05-31,80143.7086572761,25.222990036010742,36.45,0.18288174297832113,0.8171182570216788,14656.821127989419,65486.88752928669,36461.28397785961,137599.09716813228,87030.19057299595
34,2003-06-30,76898.68593264469,25.358474731445312,34.6,0.19162290899900158,0.8083770910009984,14735.549896613977,62163.13603603071,36657.134903853745,130615.32954780183,83636.23222582779
35,2003-07-31,79246.19098466054,26.924854278564453,35.4,0.19743229057695316,0.8025677094230468,15645.757005600226,63600.43397906031,38921.42670284678,133635.33716740418,86278.38193512548
36,2003-08-31,83927.15291772582,28.271099090576172,37.570001220703126,0.19574172963021338,0.8042582703697865,16428.046075055063,67499.10684267075,40867.501070889586,141827.1124437415,91347.30675731554
37,2003-09-30,85192.62074785765,27.449792861938477,38.539999389648436,0.18723210178246025,0.8127678982175398,15950.79343897742,69241.82730888024,39680.25564152573,145488.86477026046,92584.5602058931
38,2003-10-31,86388.86823999936,29.78668212890625,38.45,0.20035840503261088,0.7996415949673892,17308.735853138645,69080.13238686071,43058.363592489346,145149.11621713816,94103.73990481376
39,2003-11-30,88697.11788459728,29.956029891967773,39.679998779296874,0.19625375117734223,0.8037462488226577,17407.142103471146,71289.97578112612,43303.16553195751,149792.37332411084,96547.76942803417
40,2003-12-31,92631.11074812712,30.882516860961914,41.570001220703126,0.19373096193463438,0.8062690380653657,17945.514190308317,74685.5965578188,44642.45577589976,156927.15054175328,100784.80315882651
41,2004-01-31,90505.90557050492,31.399192810058594,40.220001220703125,0.20159733419091627,0.7984026658090837,18245.749291548593,72260.15627895633,45389.34060111867,151830.8876836743,98610.11414239647
42,2004-02-29,89217.76418321802,30.975683212280273,39.63999938964844,0.20174964445094035,0.7982503555490597,17999.652202672078,71218.11198054595,44777.13309955369,149641.3752472137,97209.2541733837
43,2004-03-31,94410.02005330818,30.357351303100586,42.72999877929688,0.18684823765974323,0.8131517623402568,17640.345864381652,76769.67418892652,43883.29873253436,161306.15237384484,102594.72555318961
44,2004-04-30,86642.98358339327,29.45103645324707,38.7,0.19751969382337808,0.8024803061766219,17113.695589335814,69529.28799405746,42573.168447953445,146092.8685982639,94333.01852310868
45,2004-05-31,88776.7227475967,30.95872688293457,39.4,0.20264094569626742,0.7973590543037327,17989.79905338833,70786.92369420837,44752.62174944757,148735.37526541593,96743.99850743175
46,2004-06-30,89110.9115661893,31.966686248779297,39.26000061035156,0.2084538648405857,0.7915461351594143,18575.51391543981,70535.3976507495,46209.68503273548,148206.8762360685,97208.28063440198
47,2004-07-31,87420.69492523221,29.552677154541016,39.1,0.19643813143269098,0.803561868567309,17172.757959659946,70247.93696557227,42720.09593229596,147602.87240806507,95161.48417018051
48,2004-08-31,90477.92280763166,28.815753936767578,41.039999389648436,0.18506768178558938,0.8149323182144106,16744.539426783896,73733.38338084776,41654.83100237471,154926.38858151782,98290.60979194626
49,2004-09-30,92520.396994768,29.76444435119629,41.870001220703124,0.18694054792362338,0.8130594520763766,17295.81370831309,75224.58328645492,43026.217604763,158059.65339910414,100542.93550193356
50,2004-10-31,95147.3472883537,31.255199432373047,42.85,0.1908836844372352,0.8091163155627649,18162.076214830133,76985.27107352357,45181.18988515564,161759.15812495112,103470.17400505338
51,2004-11-30,100336.31747980509,33.13558578491211,45.129998779296876,0.1919020943305516,0.8080979056694484,19254.749461789732,81081.56801801536,47899.39659618133,170366.1752326519,109132.78591441661
52,2004-12-31,98438.92389969462,34.137054443359375,43.75,0.20151269289042154,0.7984873071095784,19836.69264026274,78602.23125943188,49347.07718830937,165156.66669700376,107251.87194265657
53,2005-01-31,94366.02000360102,31.98213005065918,42.179998779296874,0.19694046808160576,0.8030595319183943,18584.488150507357,75781.53185309366,46232.00993732594,159229.8971353682,102730.95353634708
54,2005-02-28,96917.6063100028,31.82819366455078,43.65,0.19083258447686982,0.8091674155231303,18495.03729344962,78422.56901655319,46009.486030350185,164779.16574455347,105394.32588745182
55,2005-03-31,95193.24923845325,31.27235221862793,42.870001220703124,0.19089634683748907,0.8091036531625109,18172.043523211316,77021.20571524193,45205.9852250324,161834.66292360707,103520.32407431974
56,2005-04-30,95535.0284954395,29.912681579589844,43.5,0.18194324235779255,0.8180567576422074,17381.952843204366,78153.07565223513,43240.50305120816,164212.914315878,103726.70868354308
57,2005-05-31,93715.77197107402,32.56361389160156,41.629998779296876,0.2019124642077722,0.7980875357922279,18922.382453813225,74793.3895172608,47072.57830066697,157153.64189689158,102113.11009877927
58,2005-06-30,96608.05992567139,31.48100471496582,43.58999938964844,0.18935572627678554,0.8106442737232145,18293.289351416726,78314.77057425467,45507.60441890289,164552.66286900034,105030.13364395162
59,2005-07-31,96922.7243814556,33.877601623535156,42.98999938964844,0.2031095121407844,0.7968904878592157,19685.927264473157,77236.79711698245,48972.02320268113,162287.65715429856,105629.84017848985
60,2005-08-31,97324.98971804472,33.36405563354492,43.379998779296876,0.1992038325056412,0.8007961674943588,19387.51095040663,77937.47876763808,48229.66291351668,163759.90856477176,105994.78573914422
61,2005-09-30,103887.83502509823,33.7748908996582,46.9,0.1889176255357112,0.8110823744642888,19626.24311498725,84261.59191011098,48823.548939102446,177047.946699188,112935.74781914522
62,2005-10-31,102893.69577689975,33.26987838745117,46.51000061035156,0.187890865144575,0.812109134855425,19332.785517444398,83560.91025945536,48093.52428327599,175575.69528871484,111834.60978599542
63,2005-11-30,109372.50774842751,35.298439025878906,49.460000610351564,0.18753854827238672,0.8124614517276133,20511.561324050464,88860.94642437705,51025.92545373294,186711.9733859985,118868.94941986573
64,2005-12-31,113050.56895840104,34.67145538330078,51.70999755859375,0.1782142959362131,0.8217857040637869,20147.22755210975,92903.34140629129,50119.58450807678,195205.73329571533,122662.65890189605
65,2006-01-31,123491.15215005945,36.035648345947266,57.07999877929687,0.1695663676584234,0.8304336323415766,20939.946108039283,102551.20604202017,52091.60396099006,215477.53905046204,133784.57150572605
66,2006-02-28,121389.54778573697,35.26346206665039,56.15999755859375,0.1688056092565091,0.8311943907434909,20491.236571343452,100898.31121439351,50975.36424583125,212004.52567975342,131489.94496279233
67,2006-03-31,125447.21625304884,36.000850677490234,58.179998779296874,0.16676117784203534,0.8332388221579646,20919.725539362946,104527.4907136859,52041.30192821886,219630.04952741528,135835.67572781706
68,2006-04-30,137983.65747072164,35.932159423828125,65.17999877929688,0.15132088928688572,0.8486791107131143,20879.809755526632,117103.847715195,51942.004767057806,246055.11619893592,148998.56048299687
69,2006-05-31,134801.07278659276,33.33061981201172,64.25,0.14367898813156504,0.8563210118684351,19368.081737027096,115432.99104956568,48181.32950886423,242544.36194931407,145362.84572908917
70,2006-06-30,129578.93756325777,33.310089111328125,61.35,0.14937729789399723,0.8506227021060028,19356.151557174424,110222.78600608335,48151.65119924193,231596.83432825556,139874.24276374874
71,2006-07-31,132464.1899867013,31.87527084350586,63.42000122070313,0.13982943889775626,0.8601705611022438,18522.393359886224,113941.79662681508,46077.53880237709,239411.10865214258,142744.32372725982
72,2006-08-31,131856.6778620642,33.39600372314453,62.59000244140625,0.1471755240056974,0.8528244759943024,19406.07565799974,112450.60220406446,48275.84571602258,236277.85535497105,142276.8505354968
73,2006-09-30,127852.25046865222,34.945438385009766,59.85999755859375,0.1588273666932882,0.8411726333067118,20306.436267746754,107545.81420090546,50515.64270800293,225972.0609204143,138243.8518142086
74,2006-10-31,129804.50960764021,36.604591369628906,60.40999755859375,0.16386605623484377,0.8361339437651562,21270.55307090189,108533.95653673832,52914.04385110863,228048.31615889093,140481.18000499977
75,2006-11-30,138223.39492375162,37.859703063964844,64.69000244140625,0.15916180926803486,0.8408381907319651,21999.885619234414,116223.5093045172,54728.38005176444,244205.37535642722,149466.87770409582
76,2006-12-31,135708.0198390752,37.14841079711914,63.52000122070312,0.15906621432527807,0.840933785674722,21586.560969381422,114121.45886969377,53700.166136773005,239788.60960459284,146744.38787068293
77,2007-01-31,139181.4745893067,37.93164825439453,65.2,0.15836656636548385,0.8416334336345161,22041.692232393343,117139.78235691335,54832.3809658255,246130.62099759188,150481.5009817087
78,2007-02-28,141937.4915577421,37.29472351074219,66.94000244140625,0.152683984693627,0.8473160153063729,21671.581788454107,120265.90976928797,53911.669586338845,252699.14678655885,153305.40818644885
79,2007-03-31,140901.40226175622,37.490482330322266,66.3,0.15461404133300233,0.8453859586669977,21785.335233177164,119116.06702857905,54194.650228272636,250283.1314745451,152238.89085140888
80,2007-04-30,145261.63170216518,39.583343505859375,68.05,0.15834515386946454,0.8416548461305354,23001.475423208834,122260.15627895633,57220.00152637609,256889.39814242526,157054.69983440067
81,2007-05-31,142483.89742324498,40.83216857910156,66.1,0.16652516747167853,0.8334748325283216,23727.154880423335,118756.74254282165,59025.25005437164,249528.12956964452,154276.6898120081
82,2007-06-30,140279.956998236,41.02784729003906,64.80999755859375,0.1699520179859665,0.8300479820140335,23840.861774834815,116439.0952234012,59308.11489465138,244658.3580667039,151983.23648067765
83,2007-07-31,143622.55468558273,40.96751022338867,66.69000244140625,0.16575252108282687,0.8342474789171731,23805.800523491507,119816.75416209122,59220.89419169784,251755.39440543312,155488.1442985655
84,2007-08-31,145389.62798967466,42.122474670410156,67.3,0.16835409011464622,0.8316459098853537,24476.938532308577,120912.68945736607,60890.4617817044,254058.14099904805,157474.30139037623
85,2007-09-30,159215.62143755457,44.33481979370117,74.27999877929688,0.1618089317353948,0.8381910682646052,25762.509620397726,133453.11181715684,64088.534003997695,280407.7028719127,172248.11843795519
86,2007-10-31,169869.06497243082,47.456642150878906,79.2,0.1623401448461192,0.8376598551538809,27576.56861249925,142292.49635993157,68601.30791902443,298980.7543406331,183791.03112982877
87,2007-11-30,166244.21010787052,44.24858856201172,78.22000122070312,0.15466644834321544,0.8453335516567846,25712.401535007608,140531.8085728629,63963.881794965346,295281.2496147861,179622.56570487574
88,2007-12-31,175694.07389464095,44.2170295715332,83.49000244140625,0.14624319625223056,0.8537568037477695,25694.062928927873,150000.0109657131,63918.261457636225,315175.5544170825,189546.90793735936
89,2008-01-31,188413.40834472625,38.959651947021484,92.27000122070312,0.1201562821154679,0.8798437178845321,22639.05464740578,165774.35369732048,56318.41947726472,348320.13343405246,202319.2764556586
90,2008-02-29,196195.15221058222,37.07773208618164,97.20999755859376,0.10981662926796622,0.8901833707320338,21545.49029448171,174649.6619161005,53597.99599171875,366968.66666059924,210283.331326159
91,2008-03-31,186555.43332980725,37.771934509277344,91.62000122070313,0.11765341710737191,0.8823465828926281,21948.884211198325,164606.54911860893,54601.50555384733,345866.3772431256,200233.94139848647
92,2008-04-30,178713.56348451073,40.78712844848633,86.27999877929688,0.1326199425482547,0.8673800574517452,23700.982521909686,155012.58096260103,58960.14195297615,325707.817165948,192333.97955946205
93,2008-05-31,184520.98592717413,43.206199645996094,88.72999877929688,0.13606408988056182,0.8639359101194383,25106.6800140449,159414.30591312924,62457.04861507839,334956.5905009802,198706.8195580293
94,2008-06-30,189095.8299869231,39.05189895629883,92.62000122070313,0.12000612832708403,0.879993871672916,22692.65843952716,166403.17154739596,56451.76783907937,349641.38676762854,203046.57730335396
95,2008-07-31,187031.6691177594,39.30260467529297,91.39000244140625,0.12210948590877048,0.8778905140912296,22838.340964628864,164193.32815313054,56814.177386958836,344998.1296606558,200906.15352380733
96,2008-08-31,172163.81466015463,39.87321853637695,82.92999877929688,0.1345806543594929,0.8654193456405072,23169.91883399007,148993.89582616457,57639.03256871891,313061.5352588632,185350.28391379103
97,2008-09-30,176621.64134537053,33.662452697753906,87.42000122070313,0.11075033772003695,0.8892496622799629,19560.90642766703,157060.7349177035,48661.01304610406,330011.3372402132,189336.17514315862
98,2008-10-31,145316.42230675678,28.454345703125,71.67999877929688,0.11378293342195314,0.8862170665780469,16534.528804446134,128781.89350231065,41132.39459733449,270592.67810820503,155862.53635276976
99,2008-11-30,161279.58540785627,25.19277000427246,81.62000122070313,0.09076945814373577,0.9092305418562642,14639.260577117468,146640.3248307388,36417.59918246238,308116.28199809615,172266.94059027926
100,2008-12-31,173722.21508835087,25.766521453857422,88.35999755859375,0.08618737482365568,0.9138126251763443,14972.661667015429,158749.55342133544,37246.98992900587,333559.8323687482,185403.41114887703
101,2009-01-31,181231.1107871868,25.17737579345703,92.72999877929688,0.08072739330108351,0.9192726066989164,14630.315158909467,166600.79562827732,36395.34596461013,350056.62859899196,193225.98728180103
102,2009-02-28,183012.03330677593,23.851791381835938,94.15,0.07573289791958868,0.9242671020804113,13860.031636478425,169152.0016702975,34479.13739458189,355417.1467319521,194948.142063267
103,2009-03-31,181046.28404235654,26.312463760375977,92.25999755859375,0.08445300730488679,0.9155469926951133,15289.903148751746,165756.3808936048,38036.180958502424,348282.3695143097,193159.27523640604
104,2009-04-30,177312.03243198866,29.749053955078125,89.07000122070312,0.09749406326058159,0.9025059367394184,17286.870506786596,160025.16192520206,43003.96990127523,336240.10295564303,189622.03642845913
105,2009-05-31,193694.98732288062,30.70366668701172,97.87999877929687,0.09211176000445023,0.9078882399955498,17841.58618635021,175853.40113653042,44383.91755451611,369497.9276501821,206940.9226023491
106,2009-06-30,184933.28919090508,31.61031150817871,92.70999755859376,0.09932461745913439,0.9006753825408655,18368.42820434612,166564.86098655895,45694.524831624396,349981.12380033603,197837.82431598022
107,2009-07-31,191262.37363098937,34.2778205871582,95.37000122070313,0.10414223156541338,0.8958577684345865,19918.49040442911,171343.88322656025,49550.562751923746,360022.6629600116,204786.6128559677
108,2009-08-31,191195.89050531678,34.78177261352539,95.17000122070313,0.10571007416057361,0.8942899258394263,20211.33176451395,170984.55874080284,50279.05441442523,359267.66105511104,204773.35773476813
109,2009-09-30,202452.4014935452,36.74623489379883,100.8,0.10547101696146041,0.8945289830385397,21352.8606718141,181099.54082173112,53118.79771855302,380520.96006989665,216819.87889422482
110,2009-10-31,207495.72875646368,35.6242790222168,103.9699951171875,0.09976544448461716,0.9002345555153828,20700.903608048156,186794.82514841552,51496.94592437733,392487.72182990727,221992.3338771423
111,2009-11-30,234213.99869766735,37.885589599609375,118.10999755859375,0.0939949283233747,0.9060050716766254,22014.928019918218,212199.07067774914,54765.800529114305,445866.36572271073,250316.08312591253
112,2009-12-31,219926.40023126273,39.8567008972168,109.5199951171875,0.10530941523493814,0.8946905847650618,23160.320603079243,196766.07962818348,57615.1553705278,413439.02469089866,235527.09003071324
113,2010-01-31,216236.07732773887,37.27800750732422,108.3,0.10017693882447386,0.8998230611755261,21661.868290105096,194574.20903763376,53887.50564119486,408833.5315036687,231360.51857243179
114,2010-02-28,223575.4416323773,38.99422836303711,111.8300048828125,0.10134899648689098,0.898651003513109,22659.146648554906,200916.2949838224,56368.40167689618,422159.3335578278,239263.867617362
115,2010-03-31,224424.36089611312,42.00104522705078,111.3300048828125,0.1087510153943673,0.8912489846056327,24406.37712668424,200017.9837694289,60714.92853163062,420271.82879557635,240493.37866360348
116,2010-04-30,236973.09752489612,42.94291687011719,118.00999755859375,0.10530178045802875,0.8946982195419713,24953.689090025648,212019.40843487048,62076.45820751392,445488.86477026046,253782.66148888718
117,2010-05-31,240895.59085475773,39.7684326171875,121.2199951171875,0.09592964623291596,0.9040703537670841,23109.028809766172,217786.56204499156,57487.55849086402,457606.63612758304,257547.09730922352
118,2010-06-30,245497.42402217558,37.39198684692383,124.55,0.08850642976518612,0.9114935702348138,21728.1005167528,223769.32350542277,54052.26933744249,470177.4362768415,262114.852807142
119,2010-07-31,235612.05767662326,40.106014251708984,118.1699951171875,0.0989134183931215,0.9010865816068786,23305.19403943211,212306.86363719116,57975.55217537267,446092.85707784904,252034.20462661085
120,2010-08-31,246382.042245349,38.048606872558594,124.8300048828125,0.08973728558219536,0.9102627144178047,22109.655687295406,224272.3865580536,55001.451380730694,471234.4573763661,263117.95437854837
121,2010-09-30,259984.42135746885,43.060699462890625,130.7800048828125,0.09624473350165856,0.9037552664983414,25022.131348132498,234962.29000933634,62246.71972514643,493695.7640471586,277971.24188615254
122,2010-10-31,270427.6150538779,45.78981018066406,135.70999755859376,0.09839228003462624,0.9016077199653738,26607.98962947726,243819.62542440064,66191.80636022388,512306.5333539625,289249.1698570932
123,2010-11-30,275394.3062759902,45.710838317871094,138.5,0.09645115851585188,0.9035488414841483,26562.099888988596,248832.20638700164,66077.64798679376,522838.8191436576,294458.2335652257
124,2010-12-31,283143.69489856204,47.88534927368164,142.10999755859376,0.09827407931472117,0.9017259206852789,27825.685929924497,255318.00896863756,69221.0287421911,536466.5943107815,302843.8115264863
125,2011-01-31,268246.0386040519,49.23943328857422,133.3800048828125,0.10666524817577362,0.8933347518242264,28612.53027986935,239633.50832418256,71178.43512923685,503510.78881086624,287344.61197005154
126,2011-02-28,282714.895227892,50.795745849609375,140.9300048828125,0.1044051377009137,0.8955948622990864,29516.88756636745,253198.00766152455,73428.17452037161,532012.1107208634,302720.1426206175
127,2011-03-31,287900.58394522616,50.56805419921875,143.89000244140624,0.10206501799373839,0.8979349820062617,29384.5782807773,258516.00566444886,73099.03313338984,543186.1296970602,308142.58141522505
128,2011-04-30,309783.2624341114,52.02090072631836,155.6,0.09758052219261272,0.9024194778073872,30228.812514851776,279554.4499192596,75199.2064167792,587391.4820126579,331295.34421471856
129,2011-05-31,305803.6610060793,51.38692855834961,153.59000244140626,0.09764571713810434,0.9023542828618957,29860.417782396366,275943.2432236829,74282.76315539876,579803.7220847389,327043.24262006884
130,2011-06-30,299162.20135009394,50.34610366821289,150.2300048828125,0.09779178308229468,0.9022082169177053,29255.60510085015,269906.59624924377,72778.19086494793,567119.6992987408,319948.9450818444
131,2011-07-31,322286.81734695757,51.18448257446289,162.8300048828125,0.09228667414893933,0.9077133258510606,29742.7784949974,292544.03885196015,73990.11583253449,614684.8193074778,344337.46757000615
132,2011-08-31,356747.52919076284,48.589942932128906,182.85,0.0791459387290079,0.9208540612709921,28235.11808705707,328512.41110370576,70239.55943315863,690260.491555363,380250.02549426083
133,2011-09-30,318091.8324635881,46.40785598754883,162.04000244140624,0.08477781245685342,0.9152221875431467,26967.129716654912,291124.7027469332,67085.22714990734,611702.5525667887,339393.88985834806
134,2011-10-31,339545.87745779374,51.23519515991211,172.4199951171875,0.08768254611663703,0.9123174538833629,29772.24705890699,309773.63039888674,74063.42379390923,650887.1237821338,362475.2737880215
135,2011-11-30,342571.2308559006,49.85595703125,174.55,0.08456864821586063,0.9154313517841394,28970.78591112704,313600.44494477357,72069.65568749346,658927.9125019887,365498.7840947411
136,2011-12-31,310108.00155886996,49.54975128173828,156.5800048828125,0.09284782315222755,0.9071521768477725,28792.852886828663,281315.1486720413,71627.01765081898,591091.0097793344,331359.0137150767
137,2012-01-31,343433.7997912602,53.721038818359375,173.7800048828125,0.09089596121015399,0.909104038789846,31216.745344082177,312217.05444717803,77656.85389183993,656021.1736007851,366839.0137463125
138,2012-02-29,340422.23717214196,57.16460037231445,170.99000244140626,0.09757812522325815,0.902421874776742,33217.763687564955,307204.473484577,82634.72033569687,645488.8878110901,364061.80407339346
139,2012-03-31,334806.4611990234,60.05315017700195,166.9300048828125,0.1042281868278899,0.8957718131721102,34896.27038903648,299910.19080998696,86810.28534851005,630162.35835794,358486.321853225
140,2012-04-30,333338.3341314345,59.35082244873047,166.34000244140626,0.10346291263074017,0.8965370873692597,34488.15494071708,298850.1791907174,85795.03019004266,627935.0935221514,356865.061856097
141,2012-05-31,312800.3513584775,55.17243194580078,156.25999755859374,0.10249392266750364,0.8975060773324964,32060.13502250376,280740.21633597376,79754.92620236306,589882.979082498,334818.95264243055
142,2012-06-30,321309.58604976,57.17047882080078,160.35,0.10339305466167217,0.8966069453383279,33221.17959376209,288088.4064559979,82643.21797135795,605322.7772540469,343982.9976127024
143,2012-07-31,322898.60011793685,57.74074935913086,161.05,0.10391050921104363,0.8960894907889564,33552.55796178797,289346.0421561489,83467.57686031498,607965.283921199,345716.430390757
144,2012-08-31,337951.34592387744,60.7347412109375,168.45999755859376,0.10443022755308544,0.8955697724469146,35292.335956702016,302659.0099671754,87795.5644216733,635938.0952814339,361866.8298515536
145,2012-09-30,353805.67509821407,61.274322509765625,177.10999755859376,0.10063682871154352,0.8993631712884566,35605.88112203099,318199.7939761831,88575.56024840227,668591.9276683844,378583.74395839334
146,2012-10-31,342296.0373511016,58.039459228515625,171.75,0.09852914298373232,0.9014708570162676,33726.13520693166,308569.9021441699,83899.37917078957,648357.8858333804,366128.632502085
147,2012-11-30,341551.6432553061,58.79901885986328,171.09000244140626,0.1000361386120182,0.8999638613879818,34167.507527850394,307384.1357274557,84997.36633952516,645866.3887635404,365431.8775515328
148,2012-12-31,334906.2861557186,58.52444076538086,167.4800048828125,0.10154468403763084,0.8984553159623692,34007.953009898825,300898.3331458198,84600.44789874039,632238.6135964165,358419.5307475785
149,2013-01-31,333263.6425627034,60.088008880615234,166.05999755859375,0.10477148409024951,0.8952285159097505,34916.52642461688,298347.11613808654,86860.6756111129,626878.0724226269,356869.37401686993
150,2013-02-28,318489.71366214537,60.294647216796875,157.7699951171875,0.11000858219915782,0.8899914178008422,35036.601844988356,283453.111817157,87159.38322053885,595583.2342481656,341371.30873435223
151,2013-03-31,322621.7376873204,62.118431091308594,159.4800048828125,0.1118845376959092,0.8881154623040908,36096.38397179673,286525.35371552367,89795.76779143527,602038.537400393,345917.15259591414
152,2013-04-30,301511.0176289308,63.69458770751953,147.2199951171875,0.12275595341934667,0.8772440465806534,37012.27243547684,264498.745193454,92074.19290658624,555756.8837646595,323915.53833562287
153,2013-05-31,288534.01557810156,65.97325134277344,139.25999755859374,0.13286606937728626,0.8671339306227137,38336.380531507035,250197.6350465945,95368.13235533507,525707.817165948,310537.9747606415
154,2013-06-30,257288.78625950642,64.39302062988281,122.3800048828125,0.14543239600905256,0.8545676039909474,37418.124651981016,219870.6616075254,93083.81789892126,461985.68404133385,277534.7509701275
155,2013-07-31,275569.4400724996,68.45880126953125,131.24000244140626,0.1443581992318906,0.8556418007681094,39780.70813220644,235788.73194029316,98961.13784720094,495432.25921209814,297196.6985296495
156,2013-08-31,290449.6658080418,68.1877670288086,139.60999755859376,0.13642023929047573,0.8635797607095242,39623.21291137177,250826.45289667003,98569.34225101653,527029.070499524,312799.20637527027
157,2013-09-30,279859.8456054773,71.48272705078125,132.65,0.14842386672876343,0.8515761332712365,41537.88042687967,238321.9651785976,103332.39662662063,500755.0134253154,302043.705025968
158,2013-10-31,281397.79862960265,75.02603149414062,132.35999755859376,0.15492963539144114,0.8450703646085589,43596.858341638515,237800.94028796416,108454.4471584921,499660.2514468777,304057.3493026849
159,2013-11-30,269830.66062878113,77.69034576416016,125.05999755859375,0.16730887426121824,0.8326911257387818,45145.064070962195,224685.59655781894,112305.86679854085,472102.6819180062,292204.27435827354
160,2013-12-31,262402.57068474765,79.96443939208984,120.19000244140625,0.17708102653604035,0.8229189734639595,46466.516582551005,215936.05410219662,115593.20003864467,453718.4039663405,284655.8020024926
161,2014-01-31,268372.88224782055,78.42805480957031,124.00999755859375,0.16981499344685783,0.8301850065531422,45573.739240227995,222799.14300759256,113372.26768754465,468138.9219172781,290755.5948024114
162,2014-02-28,285327.57538334007,82.46898651123047,132.14000244140624,0.16795391469876386,0.832046085301236,47921.883257138616,237405.69212620144,119213.66706561256,498829.76778415067,309021.71742488164
163,2014-03-31,277190.41788573447,80.21461486816406,128.34000244140626,0.16815837771180966,0.8318416222881905,46611.8909889237,230578.5268968108,115954.84308986165,484484.73159103957,300219.7873404506
164,2014-04-30,279233.4471800398,79.9584732055664,129.55999755859375,0.1663950008922877,0.8336049991077124,46463.04969267929,232770.3974873605,115584.57557260059,489090.2247782694,302337.400175435
165,2014-05-31,272334.48558601906,83.54509735107422,124.55999755859375,0.1782631389415411,0.8217368610584589,48547.20024259364,223787.2853434254,120769.24722748784,470215.1771557547,295492.21219162125
166,2014-06-30,287541.28656950523,86.15489196777344,132.1800048828125,0.17410969310581265,0.8258903068941874,50063.725159867085,237477.56140963818,124541.85557041249,498980.77738146274,311761.3164759376
167,2014-07-31,280856.69999359245,87.17321014404297,128.1300048828125,0.180360516312046,0.8196394836879541,50655.45942054174,230201.24057305075,126013.89311044126,483691.9888072258,304852.9409588335
168,2014-08-31,284202.75283803354,91.54013061523438,128.5800048828125,0.18716578794837807,0.812834212051622,53193.03217202869,231009.72066600487,132326.5280193682,485390.74309325207,308858.6355563101
169,2014-09-30,270271.6810159893,90.84747314453125,121.05,0.19532396369783914,0.8046760363021608,52790.53601132105,217481.14500466821,131325.25177485336,456964.9029410812,294145.07735796727
170,2014-10-31,264587.72469574586,93.24768829345703,117.10999755859375,0.20479134664728801,0.795208653352712,54185.2764467837,210402.44824896214,134794.9009333393,442091.35619820777,288443.12856577354
171,2014-11-30,267787.78242726804,97.48704528808594,117.5199951171875,0.21154334546302309,0.7884566545369769,56648.72336878843,211139.05905847962,140923.13549411134,443639.10088692216,292281.1181905167
172,2014-12-31,268081.57640344964,95.302734375,118.39000244140625,0.20657683163473456,0.7934231683652654,55379.44267306964,212702.13373037998,137765.58833636917,446923.38682223525,292344.4875793022
173,2015-01-31,283924.43597484316,93.3182144165039,127.85,0.19098834613596954,0.8090116538640305,54226.25845442327,229698.1775204199,134896.8505038144,482634.9677077012,308765.90910575783
174,2015-02-28,276000.14289028436,100.05633544921875,121.25999755859375,0.21065826616245115,0.7893417338375488,58141.71156185607,217858.43132842827,144637.1923150052,457757.645724895,301197.4190199501
175,2015-03-31,269328.5439117022,97.69600677490234,118.30999755859375,0.2107840035210208,0.7892159964789793,56770.148748195636,212558.39516350656,141225.20135150457,446621.3676276113,293923.28448955796
176,2015-04-30,270294.1057521369,99.57405853271484,118.24000244140625,0.21406854294904487,0.7859314570509552,57861.465386075,212432.64036606194,143940.03327146953,446357.1353935598,295148.58433251467
177,2015-05-31,272852.73842696095,101.81295013427734,118.94000244140625,0.2168292783199795,0.7831707216800204,59162.46236074808,213690.27606621286,147176.47995616743,448999.64206071186,298088.06100843963
178,2015-06-30,268167.1200562238,99.28380584716797,117.15,0.21513749527432394,0.784862504725676,57692.80252382491,210474.31753239888,143520.45630704335,442242.3657955198,292881.41105128155
179,2015-07-31,257034.49517144397,103.80892181396484,109.49000244140625,0.2346856246552938,0.7653143753447061,60322.30105726843,196712.19411417554,150061.7719108861,413325.80205415905,281693.7869825226
180,2015-08-31,259511.41169155028,96.7245101928711,113.15999755859374,0.21658246806927184,0.7834175319307282,56205.622036296845,203305.78965525344,139820.84712108265,427180.0685764211,283500.4578487519
181,2015-09-30,255378.22166352288,94.5895004272461,111.55,0.21522974580327048,0.7847702541967295,54964.98973233129,200413.23193119158,136734.5676098583,421102.3124583033,278918.44003408076
182,2015-10-31,266298.91684153426,105.34425354003906,114.15,0.2298712564119183,0.7701287435880817,61214.46659549643,205084.45024603783,152281.18229739013,430917.33722201094,291599.2597597005
183,2015-11-30,253071.1844893965,105.9856185913086,106.5800048828125,0.24335902714868898,0.756640972851311,61587.15725670592,191484.02723269057,153208.31239712954,402340.53355418734,277774.42297565844
184,2015-12-31,251100.86604619824,104.2953872680664,106.0300048828125,0.24135711717613206,0.7586428828238679,60604.98114934051,190495.88489685772,150764.985726619,400264.2783157108,275514.63202116487
185,2016-01-31,256991.84401992985,97.08811950683594,111.64000244140625,0.21952802393015655,0.7804719760698434,56416.91168386222,200574.93233606764,140346.46531442687,421442.0725318404,280894.2689231336
186,2016-02-29,277219.04494721023,95.56836700439453,123.39000244140625,0.20032461724796083,0.7996753827520391,55533.79907289514,221685.24587431506,138149.5755924523,465798.43444474996,301974.00501860114
187,2016-03-31,281078.4494661587,102.11730194091797,123.4199951171875,0.21111301200976643,0.7888869879902336,59339.318077835684,221739.131388323,147616.43801170547,465911.6570814895,306764.0475465975
188,2016-04-30,289068.8351338084,98.86300659179688,128.9199951171875,0.19873564149716882,0.8012643585028311,57448.28038715674,231620.5547466516,142912.16676144022,486674.20946625574,314793.188113848
189,2016-05-31,278212.4977458272,103.18336486816406,121.4800048828125,0.21551438849806084,0.7844856115019391,59958.79632421008,218253.7014216171,149157.49333754485,458588.17546928115,303872.834403413
190,2016-06-30,295459.6180461274,100.83280944824219,131.84000244140626,0.19831106882232022,0.8016889311776798,58592.91264856201,236866.70539756538,145759.63017583764,497697.26492679986,321728.44755131874
191,2016-07-31,305147.1654362417,108.04320526123047,134.9,0.20574597081089815,0.7942540291891018,62782.799792873295,242364.36564336842,156182.672366902,509248.784855447,332715.7286111745
192,2016-08-31,298242.6349098836,109.17770385742188,130.69000244140625,0.21271957084403034,0.7872804291559695,63442.045305423264,234800.5896044603,157822.65539148237,493356.00397362147,325589.3296825519
193,2016-09-30,300796.8074502399,111.59442138671875,131.3300048828125,0.21558199255754437,0.7844180074424557,64846.37510507072,235950.4323451692,161316.15969070152,495772.01928563515,328544.08948816836
194,2016-10-31,292341.9766338727,109.96826934814453,127.15,0.21858453428203184,0.7814154657179683,63901.4348136037,228440.54182026905,158965.46331469773,479992.4610405492,319478.96217762347
195,2016-11-30,274528.54574630724,110.44762420654297,117.0800048828125,0.23378254832071968,0.7662174516792803,64179.983011352975,210348.56273495426,159658.39835504303,441978.1335614683,300818.2659582556
196,2016-12-31,271518.23928575095,111.69816589355469,115.0,0.23905082820950055,0.7609491717904994,64906.65997524412,206611.57931050682,161466.1283470538,434126.0953178384,297796.1118324461
197,2017-01-31,285382.72089631547,117.43958282470703,120.85999755859375,0.2391277871521725,0.7608722128478275,68242.93853940198,217139.7823569135,169765.67700735,456247.6419150938,313006.6594612219
198,2017-02-28,296273.5256337031,122.57762908935547,125.25999755859375,0.24041501662281503,0.7595849833771849,71228.60459012675,225044.92104357635,177193.0186381108,472857.6838229068,325025.3512305088
199,2017-03-31,296765.03583518,125.0621109008789,124.7300048828125,0.24488164960364978,0.7551183503963502,72672.31152000513,224092.7243151749,180784.48010792275,470856.95642391575,325820.71826591925
200,2017-04-30,302124.44374043046,128.47254943847656,126.60999755859375,0.2470971282354451,0.752902871764555,74654.08241799167,227470.3613224388,185714.46532501443,477953.94668098574,331834.2060030001
201,2017-05-31,306093.9917008633,133.47958374023438,127.2,0.25339804394120735,0.7466019560587928,77563.61875915491,228530.3729417084,192952.42162213192,480181.2115167744,336566.81656945316
202,2017-06-30,298672.6664256571,130.38558959960938,124.0699951171875,0.2536748051482022,0.7463251948517979,75765.73045862255,222906.93596703457,188479.87499597453,468365.41327241645,328422.6441341955
203,2017-07-31,306403.0226318883,135.6809844970703,126.65999755859374,0.2573174034341418,0.7426825965658581,78842.83018801008,227560.1924438782,196134.67313273693,478142.6971572109,337138.6851449739
204,2017-08-31,316949.14790186624,138.4944610595703,131.6199951171875,0.2539136423941647,0.7460863576058354,80477.71259748968,236471.4353043766,200201.71545261683,496866.73518241366,348534.22531751526
205,2017-09-30,310477.25745608,138.08554077148438,128.15,0.2584411298414494,0.7415588701585506,80240.09320702389,230237.1642490561,199610.5976379992,483767.4705650522,341689.03410152567
206,2017-10-31,311568.3383407931,144.44631958007812,126.7,0.269399249809744,0.7306007501902559,83936.27661347816,227632.06172731493,208805.46954372386,478293.70675452286,343549.58814912336
207,2017-11-30,314337.21875142533,147.2943878173828,127.3199951171875,0.2722912044294621,0.7277087955705379,85591.2598908329,228745.95886059242,212922.51612069312,480634.194227051,346778.3551738721
208,2017-12-31,320800.2861911484,148.18276977539062,130.6300048828125,0.2684146282052349,0.731585371794765,86107.48954613005,234692.79664501833,214206.72337786146,493129.5126184831,353668.1179981723
209,2018-01-31,334215.71823169425,161.1592254638672,133.9,0.2802021865177255,0.7197978134822745,93647.97501711278,240567.74321458145,232964.93702375193,505473.7753309441,369219.356177348
210,2018-02-28,328782.9661538306,159.07574462890625,131.55,0.2811498622579162,0.7188501377420837,92437.2856468986,236345.68050693197,229953.14554790064,496602.5029483622,363277.8242481314
211,2018-03-31,326324.1291296709,152.5872802734375,132.2800048828125,0.2717142177430605,0.7282857822569395,88666.905477154,237657.22365251693,220573.69683435778,499358.278333913,359965.9875841354
212,2018-04-30,325586.88185043214,153.3591766357422,131.6199951171875,0.2737071163296847,0.7262928836703153,89115.44654605554,236471.4353043766,221689.51745781623,496866.73518241366,359278.12632011494
213,2018-05-31,327749.7854975917,162.05914306640625,130.00999755859374,0.28732561265999346,0.7126743873400064,94170.90791727699,233578.8775803147,234265.8197191027,490788.9790642957,362527.39939169923
214,2018-06-30,320060.5637546046,163.91476440429688,125.1300048828125,0.297597396413211,0.702402603586789,95249.19046791486,224811.37328668975,236948.22717593514,472366.96023371693,354657.593704826
215,2018-07-31,317765.4328008032,168.49850463867188,122.3699951171875,0.308129031215566,0.691870968784434,97912.75496270655,219852.6778380967,243574.28753308067,461947.89708076144,352761.092306921
216,2018-08-31,319221.33088002866,178.23878479003906,120.0300048828125,0.32445429537751636,0.6755457046224836,103572.7319801527,215648.59889987597,257654.4231599779,453114.41165875195,355384.41740936495
217,2018-09-30,317348.6234178748,177.73684692382812,119.15,0.32544984728641635,0.6745501527135835,103281.0610279018,214067.56238997297,256928.84308192096,449792.38484452566,353360.6139632233
218,2018-10-31,312207.85062054056,162.45907592773438,121.2300048828125,0.3023732574901153,0.6976267425098848,94403.30480612016,217804.54581442042,234843.94569100943,457644.42308815545,346244.1843895824
219,2018-11-30,313376.9901196389,162.02854919433594,122.0199951171875,0.3004468518753484,0.6995531481246516,94153.13013161767,219223.85998802126,234221.5945159866,460626.6437471854,347424.119131586
220,2018-12-31,315661.06392978353,147.99574279785156,127.8300048828125,0.27244034793121846,0.7275596520687816,85998.81008536882,229662.25384441472,213936.36511621854,482559.4859498749,348247.9255330467
221,2019-01-31,330848.19164065365,161.3312530517578,131.9699951171875,0.28335635755272515,0.7166436424472749,93747.93848620159,237100.25315445205,233213.6128042661,498187.9885159897,365700.8006601279
222,2019-02-28,332412.74821276707,166.1570281982422,131.2800048828125,0.2904586166088827,0.7095413833911174,96552.14698903717,235860.60122372993,240189.54855883188,495583.26880941004,367886.408684121
223,2019-03-31,332644.6844606281,172.677978515625,129.3,0.3016474006827045,0.6983525993172955,100341.40441846689,232303.2800421612,249615.95760027212,488108.7315182306,368862.34455925133
224,2019-04-30,336330.17682323995,182.1739959716797,128.2800048828125,0.3147485720304723,0.6852514279695276,105859.44288587103,230470.7339373689,263342.9974408937,484258.2402359012,373800.61883839744
225,2019-05-31,331755.28346309374,167.1898651123047,130.5800048828125,0.29284331789797247,0.7071566821020275,97152.31793951473,234602.965523579,241682.57377006512,492940.76214225794,367311.66795616155
226,2019-06-30,357796.08810912207,179.87966918945312,140.9699951171875,0.2921391165789046,0.7078608834210953,104526.23309558684,253269.8550135352,260026.41601159694,532163.0742365161,396094.7451240565
227,2019-07-31,363183.02208015585,184.07948303222656,142.60999755859376,0.2945256121403074,0.7054743878596926,106966.70189712469,256216.32018303117,266097.4886701868,538354.0990730328,402225.79387160984
228,2019-08-31,377859.756067995,180.58285522460938,151.90999755859374,0.2777084503234628,0.7222915496765371,104934.84729724456,272924.9087707504,261042.91190207197,573461.6876509102,417252.2997764911
229,2019-09-30,369228.9537587771,182.24037170410156,146.5699951171875,0.2868085291415673,0.7131914708584326,105898.01314403463,263330.94061474246,263438.94738281646,553303.1275737326,408371.03747827455
230,2019-10-31,382077.9551970393,190.22265625,151.14000244140624,0.28930336184112043,0.7106966381588795,110536.43692388447,271541.5182731548,274977.7991686103,570554.9487497066,422766.37395915843
231,2019-11-30,378347.5767416489,197.96356201171875,146.55999755859375,0.30404475946586895,0.695955240534131,115034.59796490903,263312.97877673985,286167.7240276742,553265.3866948194,419716.5553612468
232,2019-12-31,392502.0413427493,205.6571502685547,151.95,0.30447042486641546,0.6955295751335846,119505.26328856226,272996.7780541871,297289.248709749,573612.6972482221,435450.9729789855
233,2020-01-31,407523.7335650512,211.9059295654297,158.29000244140624,0.30215753043107973,0.6978424695689202,123136.3649260692,284387.368638982,306322.2188743903,597546.2668499027,451934.24286214646
234,2020-02-29,396687.14530126087,199.06982421875,156.40999755859374,0.2916087324007402,0.7083912675992599,115677.43560096892,281009.709700292,287766.88972638606,590449.2305111734,439108.0601187797
235,2020-03-31,391726.5817496181,184.56594848632812,158.34000244140626,0.27378632695839844,0.7262136730416016,107249.38198919674,284477.19976042135,266800.70248591964,597735.0173261279,432267.8599060237
236,2020-04-30,425895.77722954605,212.202392578125,168.4199951171875,0.2895277275297973,0.7104722724702027,123308.63654580724,302587.1406837388,306750.77322418714,635787.0856841219,471268.92945415457
237,2020-05-31,443503.45000155765,226.20962524414062,173.69000244140625,0.296385734899681,0.703614265100319,131448.0959592556,312055.35404230206,326999.03432449256,655681.413527248,491340.22392587026
238,2020-06-30,461846.2240193108,240.4307098388672,179.3,0.3025072313505743,0.6974927686494258,139711.8225377988,322134.401481512,347556.4306974524,676859.2077433777,512207.819220415
239,2020-07-31,502616.817465962,258.0939636230469,196.2800048828125,0.2983898531832007,0.7016101468167992,149975.758371076,352641.059094886,373089.6807712346,740958.8879021014,557024.284336668
240,2020-08-31,519893.62094022817,286.3416442871094,196.75999755859374,0.3200466201863821,0.6799533798136179,166390.1962383801,353503.42470184807,413923.3291585918,742770.8648248671,578347.0969917295
241,2020-09-30,495887.65518203215,269.79510498046875,188.75,0.3161505839279933,0.6838494160720067,156775.17174848286,339112.4834335493,390004.3541421921,712533.0477499305,551268.7009460613
242,2020-10-31,489299.36749658757,261.58001708984375,187.74000244140626,0.31065126674394905,0.6893487332560511,152001.46832982797,337297.8991667596,378128.9717210155,708720.2973465144,543424.634533765
243,2020-11-30,488091.062314378,290.9444274902344,177.5699951171875,0.3463796808849245,0.6536203191150756,169064.82640723803,319026.23590713996,420576.9172232131,670328.4228333238,545452.6700282685
244,2020-12-31,517471.7102909526,305.2077941894531,189.30999755859375,0.34273008389936827,0.6572699161006317,177353.12268356778,340118.5876073848,441195.4348120506,714647.0438673203,577921.2393396854
245,2021-01-31,509706.72742855595,306.0054931640625,184.7300048828125,0.3488607228773218,0.6511392771226783,177816.65738616005,331890.0700423959,442348.5545968404,697357.5278940923,569853.0412454663
246,2021-02-28,488053.55946279154,305.596923828125,172.80999755859375,0.3638519553588687,0.6361480446411314,177579.2419303926,310474.31753239897,441757.94410375477,652359.3867130217,547058.6654083882
247,2021-03-31,488533.0134871844,310.8432922363281,171.3800048828125,0.36973520290831585,0.630264797091684,180627.85286909514,307905.16061808926,449341.87162824185,646961.1507419781,548151.51118511
248,2021-04-30,508819.73679781146,329.2135925292969,176.7300048828125,0.37597332090466695,0.624026679095333,191302.64618571175,317517.09061209974,475897.19812935113,667157.4516980688,571527.3249137099
249,2021-05-31,530812.0738812326,325.25897216796875,190.25,0.35606698887333893,0.643933011126661,189004.65680450283,341807.41707672976,470180.5667619696,718195.5620366848,594188.0643993272
250,2021-06-30,518986.2790203887,345.6271057128906,177.0800048828125,0.3869858966932792,0.6130141033067209,200840.37055821353,318145.9084621752,499623.87622766296,668478.7050316448,584051.2906296538
251,2021-07-31,532242.1052734727,355.5153503417969,181.25999755859374,0.3881435274867568,0.6118564725132432,206586.32821782347,325655.77705564926,513917.90302394517,684258.2171950715,599088.0601095083
252,2021-08-31,541388.5104431484,370.5133972167969,181.5,0.397683983803188,0.6023160161968122,215301.5396183051,326086.9708248434,535598.4430963907,685164.2286972841,610381.3358968374
253,2021-09-30,518426.7255498498,349.45648193359375,175.5300048828125,0.3916958209222733,0.6083041790777268,203065.58185229448,315361.14369755535,505159.4599804924,662627.4402686653,583893.4501245789
254,2021-10-31,539372.4408580612,376.937744140625,178.3,0.4060916821350471,0.5939083178649529,219034.66180533628,320337.77905272495,544885.206371782,673084.1982188747,608984.7022953284
255,2021-11-30,542057.4077306597,384.4646301269531,177.35999755859376,0.4121490730706666,0.5878509269293335,223408.4581472798,318648.94958337996,555765.7533261544,669535.6800495101,612650.7166878323
256,2021-12-31,554315.6609064518,388.89501953125,182.75,0.40767910413370445,0.5923208958662955,225982.91204562454,328332.7488608272,562170.1362312716,689882.9906029128,626026.5634170922
257,2022-01-31,528709.8506405305,354.8782653808594,179.5,0.3900364716553528,0.6099635283446472,206216.12467326107,322493.7259672694,512996.9600411504,677614.2096482782,595305.5848447143
258,2022-02-28,538236.4023359414,338.9939880371094,189.94000244140625,0.3659840415306974,0.6340159584693026,196985.93382585034,341250.4685100911,490035.32281310234,717025.3183004208,603530.3205567616
259,2022-03-31,556378.647484838,354.8178405761719,194.9199951171875,0.3705767886138403,0.6294232113861596,206181.0124382432,350197.6350465948,512909.6125078139,735824.83808345,624367.2252956319
260,2022-04-30,521178.3241794879,306.5777587890625,190.9300048828125,0.3418200389647436,0.6581799610352564,178149.19507861233,343029.1291008756,443175.7974984196,720762.5869460106,581969.1922222151
261,2022-05-31,506386.24860623304,301.7135314941406,184.2699951171875,0.34622315062617576,0.6537768493738242,175322.6424262199,331063.6061800131,436144.27694991237,695620.9866474937,565882.631798703
262,2022-06-30,483833.7406839341,274.83721923828125,180.40999755859374,0.33008258677247054,0.6699174132275294,159705.0926927537,324128.6479911804,397293.0205350522,681049.4590992441,539171.2398171481
263,2022-07-31,496477.4705564936,309.3341369628906,176.29000244140624,0.36205247742231955,0.6379475225776805,179750.89819934522,316726.5723571484,447160.30081078806,665496.4382909556,556328.3695508719
264,2022-08-31,478251.2597609735,293.45855712890625,171.2800048828125,0.3565610291774043,0.6434389708225957,170525.76138576283,307725.4983752107,424211.23633375054,646583.6497895278,535397.4430616391
265,2022-09-30,451230.4648824237,262.5411071777344,166.24000244140626,0.3380976237372117,0.6619023762627883,152559.9479345848,298670.5169478389,379518.2827651406,627557.5925697011,503537.93766742083
266,2022-10-31,452571.5849566593,273.0423583984375,163.59000244140626,0.3505790525056945,0.6494209474943055,158662.11744510604,293909.46751155326,394698.44587563036,617553.8173297683,506126.13160269934
267,2022-11-30,481148.87732245075,288.1802673339844,174.6,0.34803905641041794,0.6519609435895821,167458.60125623769,313690.2760662131,416581.16460730886,659116.6629782139,537848.9137927614
268,2022-12-31,479295.8112197654,262.20465087890625,181.9699951171875,0.3178922766677398,0.6821077233322602,152364.43662596244,326931.37459380296,379031.91581815307,686938.4647411368,532985.1902796449
269,2023-01-31,515238.75253296626,290.1108703613281,192.95,0.3271890052325309,0.6728109947674691,168580.4548985114,346658.29763445485,419371.9624123271,728388.0877528428,573880.0250825849
270,2023-02-28,496558.21575935005,289.0671081542969,182.89000244140624,0.3382764196446476,0.6617235803553524,167973.93537220737,328584.2803871427,417863.14406122797,690411.501152675,554137.3226069515
271,2023-03-31,537674.2087276935,316.5074768066406,196.9,0.3420644872193905,0.6579355127806096,183919.25249953,353754.95622816356,457529.77646531,743299.3753746295,600414.5759199697
272,2023-04-30,542399.2049852412,318.1150207519531,199.00999755859374,0.34080687825427786,0.659193121745722,184853.3798186222,357545.8251666189,459853.57377138856,751264.6362549987,605559.1050131937
273,2023-05-31,552265.5202727304,343.1945495605469,196.39000244140624,0.3611068042025838,0.6388931957974161,199426.8370969629,352838.6831757674,496107.4762871299,741374.1297334648,618740.8030102974
274,2023-06-30,557147.5308506155,364.8290100097656,192.10999755859376,0.3805067575529985,0.6194932424470014,211998.4004426269,345149.13040798856,527381.3341850453,725217.0705359286,626299.202360487
275,2023-07-31,574206.1997423293,378.9117736816406,197.05,0.3834541498309361,0.6165458501690637,220181.7501498476,354024.44959248166,547738.7797020214,743865.6268033049,645802.2032526631
276,2023-08-31,565137.7868022769,373.29248046875,193.8199951171875,0.3838292917108367,0.6161707082891633,216916.43642734774,348221.3503749291,539615.767906134,731672.3276064966,635644.0477563153
277,2023-09-30,537931.1702843308,354.3297424316406,184.80999755859375,0.3827578600765181,0.6172421399234819,205897.38360648754,332033.7866778433,512204.0385440843,697659.501007057,604931.7697755706
278,2023-10-31,558310.0938648717,347.0111389160156,198.5199951171875,0.36116957277051814,0.6388304272294819,201644.61807464357,356665.4757902281,501624.575890228,749414.8723716605,625519.7241309442
279,2023-11-30,589629.7994516457,384.55364990234375,203.80999755859375,0.37898387570415626,0.6210161242958437,223460.18662684908,366169.61282479664,555894.4365356204,769384.681972613,662639.5592541166
280,2023-12-31,606480.2127585592,406.03851318359375,206.239990234375,0.38903960199703297,0.610960398002967,235944.82059066574,370535.3921678934,586952.0431161541,778557.9274681596,682754.9852921569
281,2024-01-31,608257.2879550306,413.42523193359375,204.839990234375,0.3949597841977687,0.6050402158022312,240237.16718743896,368020.1207675916,597629.9702621353,773272.9141338554,685451.4421979953
282,2024-02-29,620464.78509414,435.2679443359375,204.5699951171875,0.40764560646479675,0.5923543935352032,252929.74360975047,367535.0414843895,629204.868345651,772253.6799949033,700729.2741702772
283,2024-03-31,654537.5407415517,440.81744384765625,221.739990234375,0.39135188584791,0.60864811415209,256154.50092745945,398383.03981409216,637226.9893290431,837070.5750979552,737148.7822134991
284,2024-04-30,656628.906391543,421.53704833984375,229.139990234375,0.373043066213056,0.6269569337869441,244950.8606044269,411678.0457871161,609356.0678081549,865005.645579277,737180.8566937159
285,2024-05-31,677357.2147037118,447.4692687988281,232.289990234375,0.3838739776022817,0.6161260223977183,260019.80826591657,417337.4064377952,646842.5851870053,876896.9255814613,761869.7553842333
286,2024-06-30,695043.2040480748,476.42108154296875,232.7699951171875,0.3983110811809946,0.6016889188190053,276843.4100718913,418199.7939761834,688694.0970272282,878708.9485858864,783701.5228065574
287,2024-07-31,708148.121321701,468.4262390136719,242.65,0.3843795962749948,0.6156204037250053,272197.68897653144,435950.4323451696,677137.0919535718,916006.0611206391,796571.5765371055
288,2024-08-31,723244.1019514862,473.5970458984375,249.3800048828125,0.38051107661361844,0.6194889233863816,275202.3918880096,448041.71006347664,684611.7909464723,941411.8936532076,813011.84229984
289,2024-09-30,756024.7432427236,486.0128479003906,263.610009765625,0.3735553495692488,0.6264446504307511,282417.0872450372,473607.6559976864,702559.5474162556,995130.2976195483,848844.922517902
290,2024-10-31,771944.3548148342,481.8106384277344,273.8300048828125,0.36268835262701354,0.6373116473729865,279975.22636751505,491969.1284473192,696485.0117367734,1033710.8765273045,865097.944132039
291,2024-11-30,772318.7777021979,507.5914611816406,265.7,0.3819099145187705,0.6180900854812296,294956.1983734877,477362.5793287103,733752.6750182085,1003020.0306604318,868386.3528393202
292,2024-12-31,768663.3711413958,509.8961181640625,262.9199951171875,0.38546836243453597,0.614531637565464,296295.41093728377,472367.960204112,737084.1893465125,992525.48574965,864804.8375480813
293,2025-01-31,808005.5444717371,520.92724609375,281.25,0.3746329322199062,0.6253670677800938,302705.4863753887,505300.0580963484,753030.3197404984,1061721.4287664527,907375.8742534756
294,2025-02-28,804187.7832376149,506.8441162109375,283.6800048828125,0.3662352624669513,0.6337647375330487,294521.92386674363,509665.85937087133,732672.3448445324,1070894.7203436585,901783.5325940954
295,2025-03-31,833228.2055519165,468.39398193359375,312.2800048828125,0.32665594239869705,0.6733440576013029,272178.94471773657,561049.2608341799,677090.4624875431,1178859.9927444425,927975.2276159928
296,2025-04-30,869764.514478942,474.9366149902344,330.5,0.3173051983273512,0.6826948016726487,275980.80176483304,593783.712714109,686548.215176678,1247640.6478482226,967094.4315124503
297,2025-05-31,892202.2381009506,518.5276489257812,328.889990234375,0.3377161501899718,0.6622838498100282,301311.10504232964,590891.133058621,749561.563909058,1241562.8456484454,995562.2047787517
298,2025-06-30,912431.6369582604,551.6400146484375,329.439990234375,0.3513165793246935,0.6486834206753065,320552.36156380665,591879.2753944538,797427.3945686598,1243639.100886922,1020533.247727791
299,2025-07-31,919985.2182410023,565.010009765625,329.3199951171875,0.3568769609072395,0.6431230390927605,328321.5287654324,591663.6894755699,816754.4921115914,1243186.1181766454,1029970.3051441184
300,2025-08-31,941541.2904888955,572.6099853515625,338.860009765625,0.35339692489982233,0.6466030751001777,332737.796724986,608803.4937639094,827740.6942893683,1279199.7643383946,1053470.2293138816
